{
  "center_x": 45.784829818594424,
  "center_y": 4.729237387233414,
  "center_z": 10.6669929628388,
  "size_x": 20.121000289916992,
  "size_y": 20.562999725341797,
  "size_z": 20.64900016784668
}
