{
  "aggregate_score": 0.95352703332901,
  "ptm": 0.9689385294914246,
  "iptm": 0.949674129486084,
  "per_chain_ptm": [
    [
      0.9511003494262695,
      0.9520398378372192,
      0.0,
      0.0,
      0.8548218607902527,
      0.8543795943260193
    ]
  ],
  "per_chain_pair_iptm": [
    [
      [
        0.9511003494262695,
        0.9385746717453003,
        0.0313505120575428,
        0.039269834756851196,
        0.7156450748443604,
        0.81549072265625
      ],
      [
        0.9387754797935486,
        0.9520398378372192,
        0.04224814847111702,
        0.031145062297582626,
        0.8153109550476074,
        0.7146608233451843
      ],
      [
        0.0,
        0.0,
        0.0,
        0.0,
        0.0,
        0.0
      ],
      [
        0.0,
        0.0,
        0.0,
        0.0,
        0.0,
        0.0
      ],
      [
        0.9130139350891113,
        0.9122962355613708,
        0.017599742859601974,
        0.03384295478463173,
        0.8548218607902527,
        0.49484479427337646
      ],
      [
        0.9122156500816345,
        0.9132692217826843,
        0.034504830837249756,
        0.017336610704660416,
        0.495083749294281,
        0.8543795943260193
      ]
    ]
  ],
  "has_inter_chain_clashes": false,
  "chain_intra_clashes": [
    [
      0,
      0,
      0,
      0,
      0,
      0
    ]
  ],
  "chain_chain_inter_clashes": [
    [
      [
        0,
        0,
        0,
        0,
        0,
        0
      ],
      [
        0,
        0,
        0,
        0,
        0,
        0
      ],
      [
        0,
        0,
        0,
        0,
        0,
        0
      ],
      [
        0,
        0,
        0,
        0,
        0,
        0
      ],
      [
        0,
        0,
        0,
        0,
        0,
        0
      ],
      [
        0,
        0,
        0,
        0,
        0,
        0
      ]
    ]
  ]
}