{
  "aggregate_score": 0.9535328149795532,
  "ptm": 0.9686586856842041,
  "iptm": 0.9497513175010681,
  "per_chain_ptm": [
    [
      0.9509769678115845,
      0.9515314102172852,
      0.0,
      0.0,
      0.8553400635719299,
      0.8543906211853027
    ]
  ],
  "per_chain_pair_iptm": [
    [
      [
        0.9509769678115845,
        0.938570499420166,
        0.032551348209381104,
        0.041838448494672775,
        0.712960958480835,
        0.8156265020370483
      ],
      [
        0.9390294551849365,
        0.9515314102172852,
        0.04317038506269455,
        0.03047291561961174,
        0.8142296075820923,
        0.7140761017799377
      ],
      [
        0.0,
        0.0,
        0.0,
        0.0,
        0.0,
        0.0
      ],
      [
        0.0,
        0.0,
        0.0,
        0.0,
        0.0,
        0.0
      ],
      [
        0.9128336310386658,
        0.9119510650634766,
        0.017217721790075302,
        0.03334174305200577,
        0.8553400635719299,
        0.4958586096763611
      ],
      [
        0.9113731384277344,
        0.9124571681022644,
        0.033945560455322266,
        0.016742413863539696,
        0.49482741951942444,
        0.8543906211853027
      ]
    ]
  ],
  "has_inter_chain_clashes": false,
  "chain_intra_clashes": [
    [
      0,
      0,
      0,
      0,
      0,
      0
    ]
  ],
  "chain_chain_inter_clashes": [
    [
      [
        0,
        0,
        0,
        0,
        0,
        0
      ],
      [
        0,
        0,
        0,
        0,
        0,
        0
      ],
      [
        0,
        0,
        0,
        0,
        0,
        0
      ],
      [
        0,
        0,
        0,
        0,
        0,
        0
      ],
      [
        0,
        0,
        0,
        0,
        0,
        0
      ],
      [
        0,
        0,
        0,
        0,
        0,
        0
      ]
    ]
  ]
}