{
  "aggregate_score": 0.9533964991569519,
  "ptm": 0.9684744477272034,
  "iptm": 0.9496269822120667,
  "per_chain_ptm": [
    [
      0.9511346817016602,
      0.951462984085083,
      0.0,
      0.0,
      0.8538337349891663,
      0.8539482951164246
    ]
  ],
  "per_chain_pair_iptm": [
    [
      [
        0.9511346817016602,
        0.9384710192680359,
        0.03005889430642128,
        0.043890465050935745,
        0.712172269821167,
        0.8140310049057007
      ],
      [
        0.9388676881790161,
        0.951462984085083,
        0.0420549102127552,
        0.031539659947156906,
        0.8145803213119507,
        0.7138146162033081
      ],
      [
        0.0,
        0.0,
        0.0,
        0.0,
        0.0,
        0.0
      ],
      [
        0.0,
        0.0,
        0.0,
        0.0,
        0.0,
        0.0
      ],
      [
        0.912653386592865,
        0.9115009903907776,
        0.01620098203420639,
        0.03369830921292305,
        0.8538337349891663,
        0.49051690101623535
      ],
      [
        0.9112103581428528,
        0.9125328660011292,
        0.03263469412922859,
        0.016481848433613777,
        0.4892358183860779,
        0.8539482951164246
      ]
    ]
  ],
  "has_inter_chain_clashes": false,
  "chain_intra_clashes": [
    [
      0,
      0,
      0,
      0,
      0,
      0
    ]
  ],
  "chain_chain_inter_clashes": [
    [
      [
        0,
        0,
        0,
        0,
        0,
        0
      ],
      [
        0,
        0,
        0,
        0,
        0,
        0
      ],
      [
        0,
        0,
        0,
        0,
        0,
        0
      ],
      [
        0,
        0,
        0,
        0,
        0,
        0
      ],
      [
        0,
        0,
        0,
        0,
        0,
        0
      ],
      [
        0,
        0,
        0,
        0,
        0,
        0
      ]
    ]
  ]
}