{
  "aggregate_score": 0.9534673094749451,
  "ptm": 0.9689853191375732,
  "iptm": 0.9495878219604492,
  "per_chain_ptm": [
    [
      0.9512887001037598,
      0.9513218998908997,
      0.0,
      0.0,
      0.8555971384048462,
      0.8548499345779419
    ]
  ],
  "per_chain_pair_iptm": [
    [
      [
        0.9512887001037598,
        0.9384932518005371,
        0.031584106385707855,
        0.04947836324572563,
        0.7183277606964111,
        0.8151697516441345
      ],
      [
        0.938640832901001,
        0.9513218998908997,
        0.05313873291015625,
        0.030896956101059914,
        0.8157107830047607,
        0.7185002565383911
      ],
      [
        0.0,
        0.0,
        0.0,
        0.0,
        0.0,
        0.0
      ],
      [
        0.0,
        0.0,
        0.0,
        0.0,
        0.0,
        0.0
      ],
      [
        0.9127296805381775,
        0.9119575619697571,
        0.017593033611774445,
        0.03272685036063194,
        0.8555971384048462,
        0.4944504499435425
      ],
      [
        0.911270797252655,
        0.9120141863822937,
        0.03371889144182205,
        0.017155878245830536,
        0.49270981550216675,
        0.8548499345779419
      ]
    ]
  ],
  "has_inter_chain_clashes": false,
  "chain_intra_clashes": [
    [
      0,
      0,
      0,
      0,
      0,
      0
    ]
  ],
  "chain_chain_inter_clashes": [
    [
      [
        0,
        0,
        0,
        0,
        0,
        0
      ],
      [
        0,
        0,
        0,
        0,
        0,
        0
      ],
      [
        0,
        0,
        0,
        0,
        0,
        0
      ],
      [
        0,
        0,
        0,
        0,
        0,
        0
      ],
      [
        0,
        0,
        0,
        0,
        0,
        0
      ],
      [
        0,
        0,
        0,
        0,
        0,
        0
      ]
    ]
  ]
}