{
  "aggregate_score": 0.9528331756591797,
  "ptm": 0.968278169631958,
  "iptm": 0.9489718675613403,
  "per_chain_ptm": [
    [
      0.9504996538162231,
      0.9507837891578674,
      0.0,
      0.0,
      0.855006992816925,
      0.8542885184288025
    ]
  ],
  "per_chain_pair_iptm": [
    [
      [
        0.9504996538162231,
        0.9379017949104309,
        0.03201524540781975,
        0.044128190726041794,
        0.717892587184906,
        0.8117710947990417
      ],
      [
        0.9378272891044617,
        0.9507837891578674,
        0.04658019542694092,
        0.031502969563007355,
        0.8138927817344666,
        0.7181277275085449
      ],
      [
        0.0,
        0.0,
        0.0,
        0.0,
        0.0,
        0.0
      ],
      [
        0.0,
        0.0,
        0.0,
        0.0,
        0.0,
        0.0
      ],
      [
        0.9129910469055176,
        0.9118133783340454,
        0.017143171280622482,
        0.03383125364780426,
        0.855006992816925,
        0.496633917093277
      ],
      [
        0.9111202955245972,
        0.9123150110244751,
        0.034618768841028214,
        0.01660345122218132,
        0.49553099274635315,
        0.8542885184288025
      ]
    ]
  ],
  "has_inter_chain_clashes": false,
  "chain_intra_clashes": [
    [
      0,
      0,
      0,
      0,
      0,
      0
    ]
  ],
  "chain_chain_inter_clashes": [
    [
      [
        0,
        0,
        0,
        0,
        0,
        0
      ],
      [
        0,
        0,
        0,
        0,
        0,
        0
      ],
      [
        0,
        0,
        0,
        0,
        0,
        0
      ],
      [
        0,
        0,
        0,
        0,
        0,
        0
      ],
      [
        0,
        0,
        0,
        0,
        0,
        0
      ],
      [
        0,
        0,
        0,
        0,
        0,
        0
      ]
    ]
  ]
}